slug,name,pain,what_they_need
agencies,SEO agencies,unlimited client audits without per-seat cloud fees,white-label PDF and repeatable process
local-business,Local businesses,invisible in the map pack and do not know why,LocalBusiness schema and NAP consistency
ecommerce,Ecommerce stores,faceted URLs and thin product pages,duplicate detection and crawl-budget control
saas,SaaS companies,JS-rendered pages invisible to AI crawlers,server-side rendering audit and entity schema
freelancers,Freelance marketers,cannot justify a $250/mo tool for a handful of clients,one-time cost and client-ready reports
in-house,In-house marketers,no budget approval for enterprise SEO suites,a defensible ranked plan to take to engineering
restaurants,Restaurants,not appearing for "near me" searches,opening hours, geo signals and review markup
law-firms,Law firms,expensive competitive terms and thin service pages,E-E-A-T signals and local targeting
nonprofits,Nonprofits,no budget for tooling at all,free local audits with no data leaving the building
web-developers,Web developers,handed an SEO report they cannot act on,exact markup to paste and a build-gating CLI
